{
  "format": "mojostream",
  "source": "model.mojostream",
  "model": {
    "n_layers": 40,
    "hidden": 1024,
    "kv_dim": 256,
    "ffn_dim": 2048
  },
  "file_mb": 178.270208,
  "load_time_ms": 440.220045,
  "build_time_ms": 154.093655,
  "ttft_ms": 779.898696,
  "latency_p50_ms": 181.58613,
  "latency_p95_ms": 212.626104,
  "latency_p99_ms": 222.909807,
  "latency_best_ms": 145.126791,
  "latency_worst_ms": 230.024564,
  "peak_ram_mb": 860.078125,
  "io_pressure_pct": 2.9440447683832756,
  "n_steps": 100,
  "batch": 4,
  "tokens_per_sec_p50": 22.028114151670067,
  "tokens_per_sec_best": 27.56210602079667
}